{"assets/app_icon.png":["assets/app_icon.png"],"assets/icons/eraser.svg":["assets/icons/eraser.svg"],"assets/icons/lasso.svg":["assets/icons/lasso.svg"],"assets/icons/selector_add.svg":["assets/icons/selector_add.svg"],"assets/icons/selector_invert.svg":["assets/icons/selector_invert.svg"],"assets/icons/selector_remove.svg":["assets/icons/selector_remove.svg"],"assets/icons/selector_replace.svg":["assets/icons/selector_replace.svg"],"assets/test/sample-layer-background.png":["assets/test/sample-layer-background.png"],"assets/test/sample-layer-middle.png":["assets/test/sample-layer-middle.png"],"assets/test/sample-layer-top.png":["assets/test/sample-layer-top.png"],"assets/test/sample.xcf":["assets/test/sample.xcf"],"packages/cupertino_icons/assets/CupertinoIcons.ttf":["packages/cupertino_icons/assets/CupertinoIcons.ttf"],"packages/material_symbols_icons/lib/fonts/MaterialSymbolsOutlined.ttf":["packages/material_symbols_icons/lib/fonts/MaterialSymbolsOutlined.ttf"],"packages/material_symbols_icons/lib/fonts/MaterialSymbolsRounded.ttf":["packages/material_symbols_icons/lib/fonts/MaterialSymbolsRounded.ttf"],"packages/material_symbols_icons/lib/fonts/MaterialSymbolsSharp.ttf":["packages/material_symbols_icons/lib/fonts/MaterialSymbolsSharp.ttf"]}