[{"family":"MaterialIcons","fonts":[{"asset":"fonts/MaterialIcons-Regular.otf"}]},{"family":"packages/cupertino_icons/CupertinoIcons","fonts":[{"asset":"packages/cupertino_icons/assets/CupertinoIcons.ttf"}]},{"family":"packages/material_symbols_icons/MaterialSymbolsOutlined","fonts":[{"asset":"packages/material_symbols_icons/lib/fonts/MaterialSymbolsOutlined.ttf"}]},{"family":"packages/material_symbols_icons/MaterialSymbolsRounded","fonts":[{"asset":"packages/material_symbols_icons/lib/fonts/MaterialSymbolsRounded.ttf"}]},{"family":"packages/material_symbols_icons/MaterialSymbolsSharp","fonts":[{"asset":"packages/material_symbols_icons/lib/fonts/MaterialSymbolsSharp.ttf"}]}]